item_ids,item_emb
0,"0.669818512979,0.0648812933304,0.286384602249,0.932972503685,0.466608391077,0.832400826973,0.572880134372,0.539004760674,0.00320019770188,0.485059796284"
1,"0.464134161998,0.951278978665,0.744953319581,0.635351733748,0.992446188797,0.0395628320311,0.182188876897,0.744925825561,0.755771072236,0.343614501648"
2,"0.543269955783,0.746384393878,0.144537376072,0.0290584752904,0.30606976972,0.882339095427,0.64180298687,0.446575972782,0.751999142996,0.840548844985"
3,"0.384856092079,0.226689281689,0.781026155695,0.358877287739,0.368672026773,0.296670725374,0.624893885036,0.802293072394,0.688903422046,0.917861023221"
4,"0.886023252463,0.809844090112,0.583774950223,0.335555790923,0.166937776787,0.843603245928,0.625469601461,0.665304657305,0.737439040391,0.904361458873"
5,"0.00486558622298,0.989107091628,0.704786513356,0.274956075155,0.346703416272,0.431986570225,0.366551486583,0.940412162412,0.353432368112,0.81994028007"
6,"0.807926299684,0.363831438118,0.0942391307732,0.232719962687,0.117739424649,0.26465359823,0.969389035049,0.152074233013,0.186477014792,0.846009441668"
7,"0.870970447884,0.936536407094,0.502339773219,0.69847244408,0.658966888637,0.333015612042,0.36900878908,0.50074000071,0.217693248104,0.972249930034"
8,"0.0340688370979,0.202553449488,0.644188055899,0.972321710705,0.659189472161,0.508182815284,0.0458866052531,0.454745118798,0.483441422273,0.0272663862073"
9,"0.876937079825,0.269699448959,0.057357712367,0.67338665049,0.0687422444905,0.326555006618,0.268009819989,0.264046143609,0.51345913619,0.408374376378"
10,"0.991846812472,0.353449257377,0.164794502378,0.303095038286,0.21048805173,0.871124803692,0.56393204836,0.601961086708,0.396523018632,0.288941800314"
11,"0.153096531552,0.111196592419,0.311458025871,0.66689715395,0.727356079232,0.616204234022,0.892195777747,0.0161071133517,0.196937974473,0.0118928253265"
12,"0.58345754287,0.966082480886,0.859812170635,0.189874408897,0.0727359292763,0.847448366962,0.399112357976,0.965635772688,0.118416951914,0.771593732125"
13,"0.0114999752491,0.472298647121,0.504895584457,0.558756262536,0.257165931397,0.271224629651,0.992967704108,0.605557721543,0.822730867599,0.775001223509"
14,"0.573401598134,0.505778332387,0.560458193635,0.98478891062,0.981966142504,0.573263989861,0.324575656436,0.679067185495,0.373935535291,0.014833194933"
15,"0.697726225448,0.74146340147,0.896984530661,0.365887636705,0.698984132053,0.555272826577,0.147147135111,0.76920611925,0.0760023903844,0.989677613384"
16,"0.601653358166,0.473888352102,0.380027397511,0.729373465795,0.661720485087,0.758532489609,0.698710812065,0.447555037983,0.302538236075,0.725918351874"
17,"0.819910727444,0.872312491114,0.787768005864,0.046853304333,0.136849119486,0.645789676942,0.76918201809,0.792245441212,0.907601169122,0.540213778025"
18,"0.342875308272,0.377079149248,0.436168925653,0.137534804665,0.98557041843,0.900999867238,0.142966237107,0.377916972269,0.751117145698,0.763579015766"
19,"0.311029129771,0.570796222349,0.0157977930943,0.740154003322,0.989537002576,0.853413903964,0.787915884578,0.0660098754542,0.122133640402,0.00718187643968"
20,"0.404532042469,0.364878155929,0.327336632514,0.0591933431189,0.625333776977,0.283754410326,0.868756471249,0.854465368775,0.761610690993,0.222376774459"
21,"0.0364876645005,0.705707943215,0.701247643926,0.917327313963,0.12478844953,0.399684993111,0.518729194215,0.287621868495,0.791433455879,0.785355374136"
22,"0.555333513348,0.346275935498,0.588959394904,0.623302269253,0.745893471994,0.543492594081,0.140523724245,0.761123682555,0.244138524319,0.922027068334"
23,"0.485045526561,0.110505075557,0.642778887443,0.143111896415,0.624137584697,0.606787192007,0.715843986931,0.408180624685,0.83250649184,0.83655018238"
24,"0.0457006516217,0.96268987627,0.330424136471,0.644682957587,0.657135760987,0.374926396039,0.106528477083,0.52726819057,0.23263929674,0.901422798277"
25,"0.368246326949,0.862439947146,0.461954444818,0.968529393573,0.101195083756,0.614298635874,0.304940267023,0.333406979888,0.372104789976,0.351088414467"
26,"0.707254413302,0.823864256679,0.574393374186,0.237138301417,0.0775216813759,0.838306182102,0.243430575411,0.704072914429,0.115128822692,0.943121717886"
27,"0.158867216532,0.398005549393,0.407948581633,0.940835170217,0.259434980842,0.929658034863,0.700585153316,0.470753807164,0.874110066394,0.828562780854"
28,"0.329663756417,0.0309049057822,0.132172267008,0.352825667226,0.488858760977,0.611500874834,0.908953507336,0.108584498601,0.499826358189,0.581668531694"
29,"0.928381780568,0.853514094543,0.714055876607,0.686440274114,0.0564602275218,0.0131092411361,0.255634937457,0.749536762519,0.997922951463,0.525335473435"
30,"0.0113893310917,0.926686409435,0.64211705121,0.0957563907174,0.998498858347,0.398612753417,0.592938523723,0.390397354047,0.502704207551,0.284383107841"
31,"0.0711513022565,0.170833038171,0.924392841044,0.580648229169,0.99510346563,0.719338575104,0.562046188941,0.780253906759,0.252385740991,0.701798679718"
32,"0.913461828492,0.15965265304,0.0701901741909,0.481967174289,0.521430006012,0.918724487813,0.820439151941,0.350346730185,0.554652721109,0.688438449557"
33,"0.123074577011,0.248437680363,0.00582200775908,0.699561256524,0.851724273655,0.256102932707,0.76183651266,0.27310912462,0.427573148762,0.723118285044"
34,"0.579169004421,0.823760004577,0.599817025941,0.374317003423,0.452452588125,0.0595850759143,0.388515702783,0.57879402871,0.311216143622,0.879736588523"
35,"0.522009515151,0.123062406676,0.684272047716,0.259267646289,0.766511144053,0.547482871886,0.653494221703,0.260025055664,0.0534041049701,0.159434571317"
36,"0.0399733313893,0.96113664278,0.454584796581,0.658825404357,0.841256486504,0.810833118581,0.400448865973,0.576563714509,0.359269682093,0.446188425751"
37,"0.763711165193,0.717684485019,0.0918953850634,0.0138791951039,0.25675531817,0.593974298988,0.991084236059,0.56454023076,0.452608702809,0.022317667886"
38,"0.0177429855526,0.995249698414,0.434491935956,0.583927263167,0.914219384392,0.673728676908,0.45692967421,0.796091769637,0.141559676265,0.652463312753"
39,"0.471366422817,0.77193465136,0.456355831528,0.1089609994,0.16932680803,0.845506056164,0.551273608931,0.815102057744,0.70533513853,0.885518436008"
40,"0.609739513097,0.357708932332,0.935811747689,0.79349227303,0.267744175115,0.413814385363,0.0797626051467,0.0705870747139,0.0641849962079,0.154268239735"
41,"0.877650455453,0.55927826074,0.237677278301,0.72574116855,0.837915286704,0.93142758264,0.074318859009,0.0563836710694,0.44141634112,0.573800276765"
42,"0.541210321781,0.0956555414487,0.178452542501,0.431311317379,0.486678557697,0.502398197278,0.505681176114,0.948932893617,0.0726221405272,0.398777246119"
43,"0.773119874039,0.67311171824,0.873236309168,0.0578995119389,0.821849360758,0.313254641868,0.204169235377,0.834096590356,0.124074926725,0.15484582911"
44,"0.299360653429,0.355619050116,0.35409581907,0.335304552036,0.613626784229,0.662895528662,0.305227213003,0.144662818755,0.999786052124,0.0486237275815"
45,"0.793818444255,0.577450381656,0.0780317231207,0.0523612107587,0.759585835046,0.13352796758,0.241882774793,0.571481159868,0.0186794781122,0.304555655568"
46,"0.468247726088,0.643528254984,0.663072086654,0.993268200163,0.689067942602,0.870179653166,0.284281017939,0.06570937523,0.219648508142,0.453444665912"
47,"0.652569408808,0.817761559351,0.580221722834,0.07298899284,0.603895963903,0.559372663285,0.846776744002,0.563612331104,0.94575847168,0.682871024216"
48,"0.063050615892,0.0336778741238,0.538163659827,0.368585593428,0.644934876076,0.906803891108,0.321026615006,0.80847378077,0.377318950996,0.0642992998483"
49,"0.826442861153,0.461560861062,0.895260175077,0.148215478879,0.437001511037,0.0796844011546,0.443118393901,0.167083255251,0.905098782868,0.132159266101"
50,"0.687017509339,0.346152768427,0.53283918621,0.707914588415,0.512293257991,0.0807204551298,0.344600027317,0.0446498839386,0.0838849546697,0.490105475699"
51,"0.746610667484,0.972319729936,0.194383363846,0.802961429409,0.663732945804,0.155435462519,0.0996231473905,0.975817393238,0.365387565116,0.310912452821"
52,"0.93947263779,0.536081767081,0.116856749513,0.63174244631,0.679848172711,0.085161071641,0.717050357961,0.402517648598,0.524821435888,0.1444741894"
53,"0.301564971112,0.248787800341,0.373871771438,0.0941883516101,0.426834069549,0.526206594243,0.156285485119,0.54403703597,0.901971938912,0.684620824007"
54,"0.423496945726,0.985308696444,0.611913604074,0.747477622292,0.265779364038,0.0966297533407,0.325436326653,0.645681199053,0.877027758595,0.670893853997"
55,"0.0780361512073,0.170443052099,0.953279607956,0.778971235022,0.0772044746084,0.568631257326,0.0984070154086,0.0195549049782,0.529255343366,0.203303341199"
56,"0.622634366825,0.156904292575,0.307376933223,0.543323105672,0.214510711408,0.580443174653,0.637087172917,0.151679242026,0.784194883924,0.911713140825"
57,"0.0488745850235,0.991682011939,0.334880861117,0.9718221577,0.415395207414,0.778691841736,0.497071649074,0.0979629921554,0.748517779811,0.704642689871"
58,"0.821170400749,0.858628802729,0.51576341827,0.0735914780796,0.298884070826,0.875246849289,0.638941750759,0.720715843495,0.433016402064,0.4402170308"
59,"0.849017272151,0.584337938412,0.891246869602,0.408374491728,0.886615823784,0.603667532419,0.921061863025,0.125863725517,0.522586158058,0.070749378761"
60,"0.294008947142,0.265046761552,0.353665133022,0.611308148152,0.870054010144,0.337933155583,0.997779885745,0.559669316313,0.509729876098,0.982274675057"
61,"0.660789120483,0.794319528613,0.553189420273,0.614777335184,0.900936901546,0.224789175071,0.917034555933,0.792549146787,0.0189868079424,0.309078104845"
62,"0.1256608687,0.454968755716,0.885749316645,0.219054639883,0.714479216756,0.0307355986396,0.710103268046,0.496722477219,0.866972978766,0.560451654188"
63,"0.152197972309,0.309845846008,0.482278637277,0.751418192249,0.273001364203,0.095328222638,0.404323947652,0.810594513512,0.954898107627,0.0425928095551"
64,"0.159130481219,0.621868167034,0.454188282175,0.856235665959,0.394064736716,0.607011703232,0.752008247427,0.658775140413,0.459927183794,0.0773782479876"
65,"0.721083337846,0.634000343382,0.332315350703,0.452206130328,0.103178248397,0.160241306472,0.10469585453,0.0246287244164,0.540487899285,0.509265319039"
66,"0.147954610603,0.0110353163581,0.102798558502,0.168608112942,0.707090969844,0.856088717674,0.908149543707,0.172697495923,0.694777360451,0.801622110779"
67,"0.742644971557,0.0401988474442,0.144991208404,0.916722610156,0.0248267510761,0.969787865823,0.533935850581,0.70810412242,0.959136177047,0.244760523565"
68,"0.792352272954,0.177848656691,0.555575996753,0.674392623378,0.278941252563,0.346610373746,0.491347358247,0.435235483294,0.675496094852,0.797996019972"
69,"0.7007684353,0.694618128491,0.0421321172652,0.400178384734,0.650502897387,0.234687054602,0.134828922668,0.235365907291,0.880622489191,0.806991233032"
70,"0.232893225051,0.107092626462,0.115923881395,0.906065610653,0.821164483088,0.845006346264,0.0943048311246,0.160857650436,0.937743158458,0.368735947066"
71,"0.540672478398,0.45863300159,0.228623889838,0.764058389754,0.913946272468,0.678781567122,0.592949231592,0.310214331506,0.0167048090916,0.359199467768"
72,"0.414719052653,0.103485928137,0.0788607140605,0.946303436555,0.399682104715,0.609709604502,0.462360718979,0.110740257262,0.256896190682,0.565793270263"
73,"0.927477077888,0.0784250888757,0.0830551834559,0.0770936662016,0.491222375135,0.541254459222,0.622213081502,0.377156451267,0.815304759064,0.41603727506"
74,"0.600316864799,0.777543208671,0.921298008867,0.451136211715,0.461167104746,0.520265309817,0.474666892877,0.10248234604,0.483200194984,0.862704004626"
75,"0.187600726099,0.975692433141,0.660029656145,0.0878262972992,0.789748854289,0.855182697658,0.219882165179,0.160558939154,0.237227988925,0.969267648894"
76,"0.795397399025,0.712795321024,0.309747280309,0.0297662337595,0.307370724588,0.673120621497,0.485670569134,0.0717898695792,0.931113440176,0.728737958999"
77,"0.197671344085,0.451283879523,0.061430838,0.526225188632,0.804392634735,0.636154450417,0.0412746196627,0.857807109565,0.944112080136,0.446694354419"
78,"0.993481088753,0.285111904148,0.680479335314,0.349926182064,0.292516711822,0.292891452528,0.747600560096,0.185470374954,0.37354167891,0.272943881168"
79,"0.766099167487,0.296705705942,0.351512768206,0.182639806568,0.879365999883,0.324688204108,0.783866782571,0.96701216281,0.759632456632,0.507163808836"
80,"0.104668189107,0.149226213207,0.456426839236,0.296611267188,0.18707776723,0.859397138913,0.614489468589,0.411045905901,0.305611691977,0.618191675369"
81,"0.0625367878901,0.110414973924,0.652176519839,0.15278954857,0.352200612657,0.0535607475057,0.92517148062,0.972801034572,0.205936532828,0.510493171882"
82,"0.286772360841,0.0823128618022,0.0726914453016,0.189640663433,0.760026255444,0.210488343489,0.3116174492,0.176629424766,0.584777489958,0.851716670444"
83,"0.805987545106,0.88628677054,0.755711019786,0.11231459237,0.710066307004,0.57383888733,0.719469957382,0.619646609759,0.00627668023953,0.884892368464"
84,"0.809797316654,0.0564748498428,0.224785490992,0.933216917039,0.760695534588,0.0484926650536,0.371906640202,0.272422021875,0.4647831998,0.430848469593"
85,"0.641297380775,0.824553038581,0.657055861773,0.553934682324,0.902302110604,0.18177176944,0.738401663994,0.0627471893485,0.0364992512245,0.903794343398"
86,"0.426185553499,0.534641849849,0.49664534513,0.235176348425,0.327839621229,0.491942589225,0.961659372858,0.196617474629,0.392669521963,0.221011459211"
87,"0.719513528985,0.435660921787,0.50754833539,0.637792159519,0.947075497091,0.208193558645,0.44126866147,0.584576406505,0.603437556639,0.228613426869"
88,"0.684408714909,0.846311441639,0.571668151425,0.445380892223,0.505863381833,0.64457154241,0.90238494286,0.0639703986571,0.102115626084,0.343663036787"
89,"0.631405567491,0.527491469442,0.103368012227,0.625474496719,0.987390748112,0.159611647655,0.782259451417,0.46957535499,0.0255000452631,0.0191432735106"
90,"0.880470748328,0.0557894737087,0.487927635415,0.814485690998,0.681047286343,0.805841819091,0.371636263647,0.984080352699,0.914246152382,0.412651552584"
91,"0.974173572464,0.736839019362,0.347579052226,0.477988980886,0.795937221573,0.636936452662,0.818954525175,0.46694076716,0.372143993027,0.0942874316892"
92,"0.258402966374,0.159223115249,0.512765204803,0.469663891352,0.332091362309,0.742498134294,0.378560021971,0.0407694794984,0.0186004053559,0.319675614791"
93,"0.606390125565,0.20593183656,0.502626352047,0.444678681884,0.394581999899,0.555742600055,0.908878802982,0.278528267642,0.72415832396,0.52668334778"
94,"0.0766004051113,0.435803481967,0.344505813072,0.258630111001,0.984320015272,0.0718459124031,0.080385477367,0.201630494857,0.704049854426,0.495353591141"
95,"0.746081476465,0.712296966001,0.914666836111,0.267375941788,0.644404521553,0.582190623703,0.532590283749,0.738819673399,0.756212554312,0.234226056686"
96,"0.263156725541,0.908685582745,0.0217218887265,0.281267718029,0.662583198719,0.164552273437,0.555879267193,0.190544477796,0.845095260842,0.226100274655"
97,"0.216260678289,0.59950668347,0.677086378808,0.484483145713,0.279847281503,0.316286080516,0.132046709685,0.737140463463,0.126406002428,0.67894597634"
98,"0.929763696268,0.349783375681,0.128063533764,0.0391735756423,0.486865843122,0.505259432853,0.84051156828,0.016665586254,0.618750828996,0.516171780835"
99,"0.209292690877,0.732500348752,0.150295656585,0.308387869545,0.697261167069,0.0452589085578,0.672113793678,0.294028647251,0.309477340186,0.776855430627"
100,"0.593678143841,0.643565492146,0.706445959982,0.361680037248,0.768495429572,0.315583546353,0.433118772244,0.45107218769,0.62774550689,0.230474384366"
101,"0.924192395002,0.878574578802,0.461799918488,0.311305105294,0.589064328413,0.903074602656,0.740328011614,0.783978617755,0.314018184191,0.929989373172"
102,"0.955828467422,0.723892593589,0.314182611694,0.830994818295,0.917472355366,0.706742656514,0.709253439229,0.100339907694,0.248955808752,0.797569432803"
103,"0.116281354167,0.229073571904,0.0196431731489,0.0666460226636,0.776429767494,0.00282414398481,0.950893576816,0.517314722215,0.302020920365,0.612829846454"
104,"0.481661099585,0.261392741419,0.776922247381,0.220951573501,0.901692246218,0.0748838481764,0.985465433288,0.559989226592,0.287199848819,0.884145609155"
105,"0.237515828345,0.827942956801,0.792173492678,0.887978014665,0.940737743654,0.33524058699,0.781076715894,0.834213288529,0.530504678801,0.373328596803"
106,"0.505754213721,0.819564792093,0.64489212912,0.874127544387,0.588700153483,0.312069871076,0.12849815433,0.108584808534,0.589136962518,0.502917945647"
107,"0.0541589876855,0.367144312754,0.0517791435448,0.914319453068,0.268915134217,0.518826264053,0.415107330847,0.207687109922,0.255567745811,0.5522817884"
108,"0.187761788908,0.842633958598,0.714122184299,0.174130798325,0.663986843888,0.964347711369,0.71152038346,0.63173237132,0.512925796058,0.478650908912"
109,"0.116513220198,0.420904211643,0.837564666886,0.20452172128,0.401190149116,0.70769899418,0.89111716922,0.772974397319,0.694173071244,0.431454401102"
110,"0.775511444767,0.771024507983,0.768458109131,0.536660868628,0.657609859476,0.985740112568,0.441335274471,0.965736279517,0.710457643279,0.925928511264"
111,"0.077860308057,0.0241752574219,0.0840359490268,0.886773757197,0.498110017315,0.177528417868,0.522116001215,0.165759515758,0.234303446374,0.133634251957"
112,"0.202237653896,0.15044990694,0.929267875504,0.343316239125,0.252534485687,0.341315275928,0.90923382034,0.169227701782,0.99177259283,0.538266961571"
113,"0.26661447704,0.565606089018,0.331110645126,0.404917139822,0.198778607171,0.654992857785,0.376879826258,0.596941728198,0.103793713883,0.454770501359"
114,"0.965100634951,0.90517099285,0.119053506016,0.534676761408,0.753924274359,0.900312576201,0.865511141971,0.348850689828,0.222351155363,0.846777806325"
115,"0.609013485099,0.375985487175,0.165195109884,0.42960929851,0.161878800358,0.657143596185,0.226736085113,0.398760436939,0.366739978195,0.622078682282"
116,"0.396925819295,0.288111050727,0.367963783068,0.702740018895,0.610431763783,0.157326174247,0.450216451502,0.560072618121,0.188129343394,0.372927258822"
117,"0.117447170303,0.484548808296,0.637168363938,0.842693619062,0.851534332204,0.354838278743,0.599665473237,0.496031348501,0.734046069291,0.537671679736"
118,"0.570669564177,0.475609447608,0.138660233338,0.771114215796,0.677676811947,0.424877308095,0.986660273372,0.77555204187,0.840463803485,0.946639389221"
119,"0.784471061043,0.603949154891,0.0946021824043,0.0285939398275,0.747155345569,0.950417883812,0.143142592832,0.102346353099,0.958023699945,0.11086578402"
120,"0.656076977643,0.538586277945,0.662085912797,0.796351492886,0.201367280661,0.91523437485,0.556306215212,0.25472998485,0.300772751278,0.10375511943"
121,"0.170317074831,0.865165735997,0.930044980792,0.166450109602,0.22932654162,0.837453511962,0.268377399234,0.185328265841,0.970886456905,0.62993422129"
122,"0.223749300735,0.409191634965,0.924713489949,0.722282019853,0.630639031019,0.0636799104906,0.259551560365,0.980155175245,0.818910487259,0.863197737688"
123,"0.119912020761,0.3216644783,0.445794140093,0.260964241659,0.423855946708,0.585305982473,0.608927436724,0.47900491494,0.259086758322,0.606763358267"
124,"0.635863322121,0.64222627497,0.644180916565,0.962420425128,0.581386095901,0.644471173684,0.616846358792,0.890292183666,0.596672553379,0.412816371047"
125,"0.661893030337,0.0856541098214,0.44289584427,0.271672705747,0.335292283211,0.377924998963,0.677290265177,0.0518549236477,0.82897816165,0.521289895337"
126,"0.353393048914,0.0978648961819,0.131298309748,0.268410840507,0.119544385051,0.682363912026,0.425042356248,0.395639936672,0.105372841563,0.629551280203"
127,"0.329083110311,0.306045885159,0.621058228059,0.596445041972,0.999028083216,0.248051241761,0.1558661728,0.033275093008,0.399522087439,0.960403121864"
128,"0.112906494315,0.796596276299,0.412114472617,0.652071505401,0.395743148929,0.602922622467,0.227096712702,0.806418713173,0.691407200071,0.233880777277"
129,"0.139378824637,0.0918628024429,0.505717792788,0.830380102188,0.919641133044,0.727511943497,0.174293963516,0.972071545947,0.791557439217,0.299808463462"
130,"0.0307152395155,0.020198691632,0.466970115078,0.795577643377,0.569671734225,0.439040281578,0.608255696024,0.514087231669,0.274383397817,0.346129682641"
131,"0.0449736164592,0.0731924343718,0.874633007251,0.26639092517,0.801581706893,0.532036856968,0.877512122647,0.768976493418,0.491031045455,0.629211155397"
132,"0.62253605374,0.0864432484387,0.726401433055,0.148823160611,0.404992430791,0.33587592637,0.232597256127,0.182983164371,0.605321718318,0.791564857754"
133,"0.317016986083,0.510729566493,0.672767107292,0.80764958358,0.207736513489,0.471419147887,0.543184709521,0.593220722419,0.850972440032,0.790862268134"
134,"0.214918651451,0.799463906817,0.509485621431,0.153172206935,0.338648976521,0.846002699871,0.121852665633,0.222194255157,0.893145971136,0.854784311306"
135,"0.878932464682,0.182071159094,0.0156533270189,0.106844784484,0.391753769385,0.827077216623,0.851205760125,0.770416529643,0.46395242479,0.677625649977"
136,"0.747728010953,0.357670509653,0.810730919068,0.684221117777,0.920195406314,0.79543796045,0.844846494168,0.911046538512,0.880239281923,0.324008621649"
137,"0.728752148712,0.894508120055,0.694167910647,0.111960674103,0.52456059913,0.473506315716,0.412267946295,0.89245942892,0.292905537546,0.897950902506"
138,"0.271302193259,0.108414053234,0.809638938476,0.180219813751,0.719013196713,0.00416613839303,0.445653119871,0.745199879595,0.65900269794,0.930295341291"
139,"0.238086948494,0.996464239864,0.819072732904,0.00909178044168,0.255581297462,0.410095699249,0.38675435757,0.779817204331,0.295779776136,0.256725107532"
140,"0.79658278254,0.451493145822,0.174397831744,0.074911566597,0.838983074561,0.298613258577,0.576995759185,0.960901368226,0.845750716172,0.662910348304"
141,"0.993295412751,0.234811185588,0.512940198886,0.920662509011,0.0457458981248,0.343382431779,0.427025759338,0.758087422281,0.296854476657,0.608305566754"
142,"0.16987890978,0.207873680187,0.0200599118768,0.0398191278759,0.611943426138,0.643483407936,0.125356307116,0.906565954402,0.771890522618,0.517699475133"
143,"0.190854405817,0.49503930394,0.139519748838,0.604077519807,0.00952357224462,0.597875156137,0.236293198331,0.513270389739,0.8646403105,0.0262770687873"
144,"0.506604710166,0.798061936753,0.247051273204,0.327621539218,0.439649998872,0.547541156667,0.886101816044,0.618236636055,0.487212293353,0.933880543929"
145,"0.54331769928,0.826961442718,0.737251163973,0.798928104168,0.313643821531,0.250647136118,0.512815574519,0.462890604357,0.708301274687,0.0646944602569"
146,"0.975467252882,0.319105009673,0.29149962629,0.697727249727,0.0120410401107,0.625207607719,0.725144935909,0.423624659021,0.24014680751,0.550259530394"
147,"0.191097582636,0.918887810533,0.325720692466,0.287435412148,0.928636320175,0.999724947776,0.194186117758,0.761498912527,0.0307363878466,0.642483518596"
148,"0.214090190934,0.353128658879,0.51517503384,0.166920228254,0.0736631866705,0.826713559621,0.0471459370615,0.0170995771539,0.329213176884,0.180966790838"
149,"0.346574940156,0.739382825258,0.748522656431,0.636283721589,0.523693678936,0.531633567571,0.000838439511287,0.876062370265,0.124198983295,0.664666028567"
150,"0.254532954563,0.91956139429,0.481286388248,0.231949660964,0.863517190294,0.582120209958,0.432953540096,0.116850509724,0.231830570685,0.570968884767"
151,"0.623987895114,0.4065885474,0.479259668332,0.319960487068,0.737762704445,0.746442170566,0.985037011034,0.969345351926,0.422978088483,0.138436110436"
152,"0.00889498073783,0.49578798758,0.436011331344,0.832009711181,0.180634923524,0.390271602965,0.552475551542,0.0443821800035,0.913077699683,0.811355921285"
153,"0.385345379595,0.9470114481,0.680277031867,0.342160338284,0.635794729185,0.838209216255,0.516462080557,0.583742957915,0.908173353061,0.160328793954"
154,"0.684499296497,0.484153025033,0.634976706385,0.0889432427031,0.180639963317,8.56184486602e-05,0.89463502523,0.234683995224,0.52241186669,0.326981741657"
155,"0.705891963834,0.920326943237,0.42357848531,0.65828495582,0.259217638444,0.116560284201,0.827349908611,0.296990604545,0.447027104004,0.858973891918"
156,"0.445608071251,0.856045977364,0.956970146226,0.658808727241,0.615565212387,0.490072008191,0.0438187931257,0.222262505022,0.451016282841,0.951263363047"
157,"0.458227050958,0.530284839021,0.8667553921,0.461282759587,0.139719627803,0.0862500562598,0.866578060632,0.805745725174,0.344561636694,0.242113794285"
158,"0.309153843192,0.414030607311,0.00209257976289,0.502396865708,0.348134241782,0.545392326102,0.203855579214,0.950879648759,0.304257108795,0.582799273157"
159,"0.175201926375,0.805444761733,0.902555631857,0.827852876199,0.0604046406776,0.477817946172,0.776497976997,0.611839764238,0.907881698691,0.181898280511"
160,"0.763413182229,0.177802599139,0.0396038550952,0.477528678938,0.0503436599287,0.202029492396,0.573399213685,0.544283845277,0.551902939203,0.42245336231"
161,"0.701454651947,0.810546375204,0.307654045272,0.435841499721,0.124364311067,0.932224736975,0.450993467138,0.449644702097,0.387312224924,0.244148333285"
162,"0.191288190933,0.00983269492652,0.869442756583,0.107686939211,0.848666089814,0.863893752626,0.204500265822,0.995762977887,0.579959454049,0.303991925896"
163,"0.458484415921,0.254643436685,0.885063968345,0.694837194883,0.390792943676,0.238114734873,0.838486049267,0.747680272821,0.941354029181,0.851906649977"
164,"0.302979232901,0.24400031014,0.561751910793,0.492238416408,0.741468370362,0.936887430878,0.545294890874,0.630139090962,0.920392723211,0.146768207519"
165,"0.283590789878,0.235288534082,0.755301332298,0.193641169865,0.100284174873,0.837682406806,0.764709541775,0.596255690615,0.990516829429,0.905343976392"
166,"0.729170296008,0.0547056552431,0.605202901273,0.776811598752,0.156625811857,0.196409922298,0.757327544399,0.115603211194,0.5591188952,0.759134294811"
167,"0.489460548589,0.108651645415,0.43198873711,0.186458635443,0.126314546399,0.716025706923,0.0751433132221,0.781903246615,0.170948462294,0.797749583877"
168,"0.335235572962,0.160113482158,0.296245458647,0.814996800663,0.586730327465,0.159915175501,0.519692940589,0.291768982658,0.792153637649,0.80627503056"
169,"0.58641102137,0.789085581369,0.970177082528,0.895969584628,0.357314879287,0.102417671556,0.0198377168284,0.055456778357,0.953358160705,0.529740805829"
170,"0.470401095892,0.0856632612053,0.201154330336,0.382511073235,0.958273053088,0.885288483396,0.0288447677896,0.332840156576,0.720105270807,0.735845494518"
171,"0.704096415442,0.617858561142,0.639017089756,0.976941606778,0.401271621414,0.796226896324,0.469285984981,0.550480246732,0.138261951828,0.261575160348"
172,"0.815994952007,0.243929644439,0.673505606732,0.524717989376,0.794326444593,0.356496928008,0.627769093385,0.202099757212,0.64861637266,0.571215690243"
173,"0.862699789612,0.97356541509,0.649761154925,0.0172036176601,0.624601336686,0.429980507524,0.391420232381,0.633787535989,0.895323658761,0.0335479662661"
174,"0.289736123421,0.903180412949,0.766973800493,0.221601887598,0.980227560736,0.902946067577,0.920448573482,0.623886989469,0.232589666232,0.611421776153"
175,"0.815981723653,0.388514861928,0.115145586258,0.265526220738,0.231836222393,0.945824646996,0.0576631364582,0.383250492067,0.305256785151,0.851538598923"
176,"0.705877555496,0.492001007473,0.567974969614,0.0650607765157,0.301751195237,0.649078539598,0.50708566852,0.382045376753,0.162838666776,0.223581548531"
177,"0.277899545675,0.716584711028,0.93946044445,0.734249152278,0.105049114755,0.543892337929,0.189536031466,0.113640237121,0.714133266681,0.431604401578"
178,"0.159929736857,0.833947928656,0.755923651112,0.97568519567,0.741303239926,0.320659561178,0.598900912258,0.709891773332,0.637843922377,0.272119033761"
179,"0.37211456468,0.719729522438,0.0545774860135,0.522144343423,0.215556028036,0.881378102179,0.0650960638214,0.94943139271,0.715858740775,0.542054853498"
180,"0.583551977293,0.659215711216,0.592211848148,0.118518166359,0.888899030988,0.997761680308,0.96970187488,0.503571501613,0.708866048641,0.00285526185028"
181,"0.945796435423,0.539016763231,0.485534706447,0.345618280213,0.49804167424,0.952900352507,0.643424433022,0.171478200559,0.260702674944,0.121286571705"
182,"0.678134347874,0.22419330493,0.60626267257,0.28876213223,0.781276560903,0.698878988536,0.939012628477,0.759120467942,0.814109191549,0.983057018119"
183,"0.36907520332,0.858004291718,0.655707416993,0.202466613112,0.0379321816672,0.16688412102,0.337457677024,0.294410507857,0.818434022722,0.62226573709"
184,"0.265506199224,0.57500017966,0.921144077448,0.516327130847,0.747001275211,0.763448278861,0.113145597824,0.176267824026,0.843381781773,0.806045488301"
185,"0.267070794792,0.654693119219,0.349283897186,0.433193409732,0.969900692367,0.254446143032,0.841018652929,0.0861329670079,0.535858509702,0.439804766712"
186,"0.245771590556,0.683010962719,0.335566202409,0.506636682318,0.0375054941194,0.293237729403,0.09831886037,0.672661208359,0.350236611299,0.365367330076"
187,"0.0346148027849,0.614650584115,0.439307453285,0.517499481831,0.311174663841,0.602720503811,0.675383223139,0.297775325923,0.660324572355,0.702664880752"
188,"0.00533648054197,0.17447749879,0.985451344491,0.624762923376,0.224300073646,0.910730458227,0.465885927166,0.0391972798318,0.106817852033,0.711150432452"
189,"0.5068578638,0.00596269011059,0.860393932039,0.0919947432225,0.628045929263,0.627206270789,0.0935803566024,0.629561763459,0.928793838907,0.797872236314"
190,"0.113069734484,0.661916713561,0.637520704501,0.539264227174,0.884582503129,0.74159152358,0.494856567772,0.707695012515,0.347449185421,0.130732031153"
191,"0.523638402226,0.359796251621,0.982951421159,0.135111449944,0.00894564832066,0.972686611011,0.912120658154,0.731872357649,0.867643069514,0.581802217916"
192,"0.796747227253,0.352413648607,0.835612020823,0.675843569494,0.710962860282,0.77224507694,0.980098053963,0.104690419314,0.0542661881607,0.681724893206"
193,"0.575924182993,0.0337706750821,0.326691793714,0.1151390601,0.0653673661731,0.0758063206115,0.99910401766,0.352543605839,0.269793457418,0.869978205573"
194,"0.261754924552,0.366625583675,0.858085382681,0.757087663965,0.64390606101,0.709240287663,0.917914887283,0.27081036622,0.134401093151,0.130614582205"
195,"0.769078256734,0.562418722462,0.286820327487,0.688338757675,0.0538537032583,0.791167734645,0.77661856746,0.506786271486,0.680403224305,0.491776139688"
196,"0.491579270627,0.53620231656,0.106277715687,0.286113207092,0.913620601473,0.457972707268,0.942199354329,0.0421497652951,0.926830227461,0.78626309027"
197,"0.292085157088,0.690253223208,0.803972433252,0.106298107476,0.194254213194,0.931757285007,0.00865191444514,0.650854009832,0.240812537341,0.291966168009"
198,"0.461335402355,0.322062014421,0.331822612161,0.0698633496747,0.266853330458,0.947218043456,0.355191861316,0.296659511211,0.361261429784,0.352296659358"
199,"0.11819869311,0.448692629753,0.427560886072,0.15496106167,0.806855886508,0.539536746219,0.393114378553,0.637769803018,0.0975541012478,0.632171554152"
200,"0.937215462766,0.0184940668966,0.998154267,0.456206214157,0.923682048916,0.520343197416,0.127197957791,0.241812028126,0.172957818858,0.747659896801"
201,"0.888886805148,0.842377747856,0.0289271541084,0.612451226913,0.411870752736,0.0481665187437,0.1081951351,0.858889818063,0.344628155931,0.0342461719432"
202,"0.2539211147,0.0403853295983,0.497466287453,0.717821805124,0.0426689955364,0.898750902039,0.479659949147,0.953674452278,0.369191194577,0.887131560105"
203,"0.645778490038,0.242584771558,0.97200468432,0.746633060746,0.0615658297548,0.24707887036,0.572328304389,0.530684541951,0.72492083365,0.649906474997"
204,"0.637715906967,0.445888852032,0.765439994812,0.863084841347,0.712078262316,0.0534214722466,0.153194965268,0.632388962521,0.922727355339,0.323706593463"
205,"0.592995233535,0.937099894808,0.252546664933,0.58485794142,0.913823606062,0.0159441500033,0.242250219198,0.570930541252,0.944647296626,0.85084291676"
206,"0.859573976642,0.707153913841,0.729467383213,0.363052612407,0.892279261954,0.013098516745,0.0745299060353,0.658453283431,0.953431415832,0.571573407466"
207,"0.497963288816,0.558686599352,0.944387883295,0.0231422379511,0.869047635934,0.605640644649,0.970685921798,0.196719236177,0.633147365756,0.806284520188"
208,"0.281531356902,0.000177223107796,0.950198523746,0.841743351854,0.759992449092,0.819099034495,0.433511148612,0.851689354969,0.864951181613,0.146281708525"
209,"0.935421483356,0.0818883069936,0.0064409990749,0.662001329922,0.0356935106889,0.967153718051,0.632638601182,0.683798357027,0.47630277931,0.931024253938"
210,"0.709757959272,0.724187335301,0.0850333934341,0.479399979232,0.0545684344781,0.504283759783,0.818677718435,0.801375980358,0.383268097019,0.25042809769"
211,"0.847980564396,0.900723506567,0.700344965152,0.103305897669,0.699457690005,0.482470125804,0.495228468487,0.463500082457,0.0583921233026,0.137161708418"
212,"0.931699878942,0.899523510615,0.956161411513,0.510986685907,0.603068285686,0.810501640362,0.646630645381,0.392694628922,0.859270578796,0.305613114136"
213,"0.420062531002,0.423169902967,0.191623917167,0.373246678343,0.541123746291,0.244176266134,0.510057845024,0.846416079126,0.522415779749,0.474460634798"
214,"0.758904690908,0.96674719214,0.834224885277,0.531456149487,0.960366163446,0.168155524105,0.673432169671,0.180748455078,0.917184374272,0.968390618159"
215,"0.283262240461,0.470445472876,0.602154990196,0.485597694557,0.628616637414,0.845106171217,0.595319911782,0.427450250383,0.592551939387,0.338454809377"
216,"0.352818190116,0.968487278645,0.330830647296,0.988194907217,0.559419702681,0.55939815633,0.58940238041,0.307302253675,0.663378685643,0.571308879363"
217,"0.238579350561,0.625319183273,0.0605841893766,0.400669748588,0.945469071817,0.342181807891,0.426375379651,0.785482245712,0.609714834463,0.675517427673"
218,"0.876884674342,0.925062450486,0.420470299743,0.390347951734,0.333789741886,0.367469632543,0.466437314835,0.881475743595,0.68243429454,0.342509912793"
219,"0.501869545832,0.257556975859,0.336572413653,0.0694857702774,0.708394429421,0.155039376402,0.23094562342,0.238166312801,0.340729305257,0.979742849642"
220,"0.0255820150212,0.68267473256,0.497998281004,0.444617643715,0.354366553592,0.188243067342,0.917440649595,0.0711900111255,0.575118120477,0.44600198682"
221,"0.589303938863,0.869754168074,0.703505987651,0.924281624133,0.853483202681,0.0233651102567,0.966021715421,0.596263923241,0.224000429654,0.450822438768"
222,"0.964013511361,0.88968150675,0.425328782647,0.285131455867,0.233406785285,0.0354653729519,0.413921808162,0.874261165945,0.157093911826,0.313788787498"
223,"0.659036363959,0.817121402728,0.0792461095909,0.65502168488,0.829478257357,0.632223117683,0.344106332534,0.435474002799,0.11580121979,0.708269471676"
224,"0.993612672864,0.743759225676,0.543987197991,0.362448988253,0.80393431657,0.116008480514,0.271299149866,0.641293145825,0.32298593593,0.968755337251"
225,"0.380131217429,0.118844002724,0.765926989253,0.109724777769,0.868612243299,0.846039083922,0.733226673132,0.0457692082362,0.141876599687,0.279955139403"
226,"0.228294388334,0.727444592054,0.956001631256,0.222131769357,0.282222743685,0.482726439196,0.121158001193,0.90475740026,0.285671211796,0.602617285478"
227,"0.217214638438,0.755720722844,0.0650811940479,0.251888401469,0.618218008132,0.935375794443,0.671646136583,0.0641401863709,0.381122355746,0.815064223325"
228,"0.539112145381,0.304441240118,0.488275526376,0.370116921313,0.773168097494,0.919667585107,0.0865244137686,0.329206191031,0.306182882964,0.443487368625"
229,"0.259298205482,0.607836036893,0.0179412063489,0.85865481832,0.82571099817,0.583129848294,0.579754272444,0.114816110536,0.314609154841,0.297220451683"
230,"0.130005199493,0.915675470983,0.707426035341,0.0467543608726,0.116602161533,0.967549229858,0.704380397511,0.963076591905,0.0217829579755,0.879990609107"
231,"0.306187746584,0.149513271795,0.95249537921,0.793924357859,0.247086649791,0.136393525158,0.446876318384,0.474571352696,0.54892382853,0.311909871267"
232,"0.708601769537,0.262930858579,0.228718358989,0.521676328343,0.962282633475,0.394765646037,0.100610839866,0.209526660699,0.9906898336,0.451358752243"
233,"0.696366662453,0.506652324438,0.982246244846,0.651511781542,0.433153534297,0.59945025386,0.628151891782,0.325509071729,0.892878068054,0.78771011666"
234,"0.415948059301,0.679373849974,0.851664529116,0.814897724958,0.953908397461,0.224303728323,0.0435433564122,0.317149191629,0.160587377633,0.0328712895939"
235,"0.290035812765,0.298174957295,0.204806418985,0.645541671537,0.850196652177,0.504310659819,0.0176720898657,0.745650297715,0.955981424728,0.484891654467"
236,"0.0375389309831,0.813124437774,0.456458435749,0.232091148218,0.485721436218,0.602607754668,0.763543705695,0.575497115117,0.366135314631,0.828902874168"
237,"0.322753058367,0.866080540618,0.640076650148,0.111906500022,0.0290017306206,0.410346892544,0.948350488962,0.683987473816,0.0250228334693,0.193710257611"
238,"0.629320761233,0.982765550309,0.62253862853,0.463516734861,0.262428935609,0.986375107924,0.380967059847,0.650452975078,0.0692857344826,0.965270778295"
239,"0.171006950397,0.170569709037,0.430332141189,0.217817617722,0.0575303871059,0.29943118811,0.463643496766,0.551062486508,0.951049914492,0.242437718043"
240,"0.33473467487,0.390098357453,0.583998864324,0.35185999281,0.376003806923,0.636799136451,0.31857555231,0.169868095769,0.930951030957,0.441391734387"
241,"0.809318377581,0.988619395046,0.778480211206,0.994428980511,0.129800768379,0.217915436573,0.0501461069981,0.871436091034,0.0445932995026,0.957266511087"
242,"0.412683716985,0.691024624932,0.516999512137,0.440943014842,0.169635125736,0.386025774191,0.47205867125,0.15031325194,0.20716705236,0.867403806639"
243,"0.191180614679,0.857569978792,0.575096513167,0.100650718254,0.398774044977,0.387329377863,0.264224613918,0.0955142175347,0.891619081183,0.55311792905"
244,"0.168002528813,0.874441702668,0.977117026077,0.36731527974,0.298772122114,0.823931896135,0.165986061839,0.929179300108,0.551269578562,0.131554534988"
245,"0.0812645148788,0.481564365036,0.777101255307,0.237665322952,0.982544859607,0.0843064113793,0.858821560566,0.783076875027,0.386482547537,0.108171105409"
246,"0.983311524501,0.976640579345,0.459363820484,0.198776802033,0.495474803085,0.995374246306,0.611873618725,0.19654239713,0.0188706887341,0.222848617241"
247,"0.854304857063,0.69762100046,0.239128259742,0.248099663894,0.830886148564,0.784492316223,0.11615916558,0.989698477122,0.549926516279,0.825598276257"
248,"0.766265043691,0.877522963801,0.334410518096,0.419460231174,0.298517404711,0.856117369217,0.456069981769,0.0109626465687,0.749448832417,0.119249695244"
249,"0.210736349463,0.144698237218,0.561816610691,0.0529611338429,0.840649123656,0.621422409539,0.655576583872,0.979222009049,0.163607526184,0.0963871869838"
250,"0.714606054866,0.836002599159,0.405190864502,0.393669522973,0.850314835582,0.663546378573,0.485693455196,0.318554041543,0.233305401727,0.738783014773"
251,"0.938558930948,0.494428840547,0.703706817495,0.699948763329,0.492667493597,0.223760724039,0.313679591727,0.902147030632,0.497152805215,0.83286777105"
252,"0.252244198678,0.821259704264,0.968412832486,0.695873827452,0.12564888894,0.568175302869,0.279403460104,0.200491979073,0.541801471649,0.937580088295"
253,"0.472369903752,0.930631047243,0.739508618315,0.871750994519,0.322500347387,0.798711295629,0.374604143813,0.646857124536,0.239931923146,0.260444565198"
254,"0.606472119924,0.587220892083,0.0890695420295,0.224397517981,0.925091320977,0.431282866465,0.552813438947,0.47680160346,0.479753005293,0.717445736211"
255,"0.501688258526,0.106587017947,0.709374745348,0.840303889978,0.517240775642,0.724888862367,0.549781617604,0.808069478959,0.811156015396,0.734549188904"
256,"0.182605860635,0.475165713599,0.585672827261,0.083605461697,0.974830327502,0.201554551987,0.0726108620536,0.972738563705,0.691131661076,0.322441374599"
257,"0.210932168023,0.0999023127886,0.0151498703331,0.663739190799,0.52076699834,0.85240130409,0.838451568125,0.938673630244,0.289955166917,0.426581941309"
258,"0.184547260062,0.525470781361,0.494482191852,0.175341570341,0.148380267776,0.34718713177,0.446539075684,0.806714605298,0.255804909134,0.515712078179"
259,"0.703947540044,0.902822676306,0.912734113127,0.0286773000626,0.847440694149,0.19093824482,0.488819414577,0.541972741067,0.666142879126,0.0947797333357"
260,"0.982269506837,0.503378529388,0.203601613719,0.200937670208,0.192993633784,0.142581906412,0.560140671073,0.202508353572,0.463642517038,0.728013756122"
261,"0.704678546518,0.182611757591,0.434696058206,0.774039162004,0.827593062964,0.168328943992,0.929566787095,0.37323029015,0.0420676498583,0.879602338986"
262,"0.577536026868,0.0748001201371,0.903924577011,0.789023904809,0.400048047552,0.599072219692,0.980654806652,0.484316086771,0.433200328621,0.696738791477"
263,"0.917524256496,0.808145462789,0.541247940696,0.410659215955,0.512241389422,0.125642501874,0.723192083346,0.962419554733,0.0807263694886,0.631435659902"
264,"0.23272339654,0.431392485985,0.0143599843326,0.612699968281,0.767186339517,0.762924044022,0.0765231434247,0.464693595473,0.263148148086,0.340539669349"
265,"0.851312175855,0.415201300642,0.325727194494,0.0825064508233,0.724412855498,0.0116687824002,0.96652162723,0.672873869228,0.423734710045,0.965588663699"
266,"0.981974622827,0.44498949824,0.944602285394,0.906341579473,0.25762919477,0.428523792701,0.40438569189,0.307511572565,0.269547337019,0.340062706122"
267,"0.0409402493965,0.668172471808,0.481773869651,0.440467594284,0.304255029824,0.996306216158,0.400033875445,0.834864296691,0.985864069297,0.294829465656"
268,"0.953325317899,0.773102746071,0.888467047736,0.0980228234038,0.406276893768,0.935857828134,0.635832825682,0.973275067929,0.916051299487,0.603083023761"
269,"0.720366762205,0.345916268466,0.359273839604,0.76176090099,0.305887216592,0.361780914551,0.477588059191,0.801133908013,0.108622461195,0.464655305813"
270,"0.377570041901,0.15190735856,0.364188398783,0.589580024179,0.136360116788,0.948973860824,0.688371869074,0.196303864032,0.42703096922,0.21967771665"
271,"0.796100786187,0.0842767906764,0.896112444324,0.0778985754957,0.271179882714,0.318863428325,0.859178950623,0.583465108557,0.00760609411971,0.156973891473"
272,"0.593394336631,0.71290123171,0.838331842413,0.0584810841642,0.286491073424,0.158298496226,0.599896259102,0.131692037101,0.366487234091,0.489435865934"
273,"0.561909615843,0.889313038404,0.0182809599266,0.025072504582,0.480032942817,0.437112002932,0.662730168485,0.178816339503,0.016455657468,0.275864278124"
274,"0.627889964687,0.747828914611,0.0269311788796,0.718080047656,0.809849578499,0.448293052683,0.115333418011,0.618848747632,0.00972671678972,0.943635903311"
275,"0.547548733696,0.496472856146,0.763124193165,0.975688935204,0.293714330333,0.255133991598,0.0569701332373,0.242843529726,0.28966374174,0.932474221515"
276,"0.735094761139,0.93349566239,0.205492408176,0.13747748436,0.248454153729,0.94570818409,0.361802175079,0.566920542964,0.0335259439967,0.0722597475422"
277,"0.46024678648,0.537276721326,0.126167476845,0.112044276796,0.0941917357089,0.98424562854,0.100764127609,0.64391942069,0.00481366147175,0.656226705207"
278,"0.0211496238583,0.0360873650431,0.271500585433,0.8320526048,0.34864669572,0.92731386546,0.860697965798,0.224899778202,0.718214858014,0.647487459853"
279,"0.558080666095,0.0083514550514,0.20164623908,0.328302306899,0.324710769008,0.870994921071,0.161335863974,0.966823886645,0.151122541042,0.877254529954"
280,"0.173960605998,0.269853051337,0.68233185847,0.16128593498,0.72522111669,0.197119241001,0.590169984868,0.786519386347,0.0216932224998,0.680367580426"
281,"0.412848638468,0.738721003461,0.991285078556,0.914676286347,0.211886551509,0.281247837705,0.682386305203,0.236267887363,0.227023171347,0.0182039380126"
282,"0.494567749475,0.389758030441,0.0897958351772,0.047922288112,0.983093928724,0.107812025989,0.376162832171,0.114049670223,0.551133263988,0.853910219434"
283,"0.587241716835,0.399505495609,0.843110569145,0.340705337171,0.56667170252,0.728501583844,0.783709954203,0.0614092887733,0.764663817313,0.460146819817"
284,"0.576897398963,0.332146220014,0.220943976974,0.841184913904,0.118146174877,0.295726730473,0.965515784671,0.611700001626,0.196401258554,0.689917907437"
285,"0.184333025066,0.189270351911,0.360800965928,0.970566903941,0.146553228063,0.760709324757,0.759995742543,0.450051012195,0.981338554935,0.98047519192"
286,"0.685861177398,0.246478169109,0.318356081567,0.942113551184,0.0112228481336,0.569002789445,0.701683272361,0.945523762007,0.832460956645,0.136367310258"
287,"0.217158851343,0.74643008205,0.369866641377,0.612284857832,0.965793547901,0.138093826977,0.914012930808,0.587850340369,0.429705960392,0.0478973315818"
288,"0.247276533236,0.183730760346,0.0237531566183,0.290160765983,0.0335068282284,0.742696864577,0.396626605924,0.153235209942,0.530214254045,0.408444109529"
289,"0.618623446915,0.356522182594,0.806035487619,0.663787478629,0.136321354194,0.604395278861,0.655416339187,0.863098777168,0.83466276145,0.780257474513"
290,"0.62253624565,0.515153099703,0.823691551513,0.478291372161,0.75074103921,0.767656487333,0.124936921846,0.952834602688,0.615807969263,0.284293292688"
291,"0.0428694463989,0.195156453646,0.90877445474,0.841354153455,0.750808946439,0.800486948908,0.882240863569,0.766537970775,0.770950247296,0.129580856439"
292,"0.617948788314,0.657888442657,0.829703831232,0.809974900993,0.340318251283,0.373906477775,0.528718864761,0.731279652003,0.434623503682,0.170489239989"
293,"0.762670604615,0.229347908964,0.53959271735,0.438877924784,0.870798298941,0.49382407536,0.439990647329,0.55640181584,0.382032157268,0.665759844017"
294,"0.717487273279,0.481920206499,0.296822155339,0.82598581008,0.135574673898,0.508019098116,0.765589839529,0.0013662796825,0.712661404105,0.981199243706"
295,"0.672909015943,0.316654626089,0.10138501748,0.573227829071,0.800419856311,0.916575497586,0.659542703932,0.934674623636,0.755507346391,0.98443987978"
296,"0.603770092325,0.668917473219,0.0222866401705,0.124800458087,0.658185198543,0.574572604509,0.835768317706,0.896499289917,0.448188272996,0.845156380801"
297,"0.190747431568,0.535194616577,0.170701748384,0.897918007846,0.936627082069,0.0595397622565,0.984322534004,0.399842223912,0.520546842166,0.402238885154"
298,"0.764227122829,0.610495267226,0.875220941801,0.0370678619633,0.854528994818,0.370470957729,0.0410286437846,0.282064207217,0.384972837124,0.831889650651"
299,"0.642966963989,0.0181878483402,0.967758756847,0.124475622473,0.230878378607,0.591659784112,0.735016639899,0.312218208704,0.217952789822,0.756823159369"
300,"0.624019316852,0.427098253569,0.71974819447,0.177225867554,0.962093903452,0.790675517581,0.909139823138,0.39359538692,0.427940432413,0.86883366182"
301,"0.565764948879,0.264596631625,0.752087095675,0.7901946647,0.138939490608,0.47896593054,0.822560770498,0.120459676359,0.610695594461,0.66734643141"
302,"0.377034793182,0.708806076736,0.45195323319,0.0939422323552,0.390582416967,0.850432413852,0.572151896342,0.278439964877,0.158959671338,0.223360545953"
303,"0.886763221964,0.575416017137,0.306888557682,0.803465263153,0.170561198494,0.0507468219511,0.657045863848,0.559592231591,0.942368574599,0.539681580084"
304,"0.997241140631,0.507600374686,0.357796383421,0.798369436797,0.200682953446,0.36847181353,0.937168235677,0.482139398405,0.127743242408,0.388842662502"
305,"0.605448117942,0.214372353053,0.37283001644,0.303260711614,0.937668723762,0.0316518865989,0.656621353095,0.809532162423,0.000384691488673,0.546624990308"
306,"0.866794537188,0.967375544784,0.448404616457,0.614143082073,0.560858347898,0.867421186967,0.0979491363565,0.768131608216,0.977378219901,0.813525461409"
307,"0.915516909264,0.728002811188,0.941183462163,0.420324299264,0.969322165334,0.898520191853,0.753608735923,0.765450589256,0.0160651905361,0.499940381514"
308,"0.90816428131,0.833336595366,0.244220275855,0.620792849654,0.236752269076,0.791171119397,0.950739767985,0.416209545005,0.232037740764,0.754188836256"
309,"0.208818164976,0.606103791079,0.492415852132,0.620082005607,0.603085961108,0.599942806561,0.137041362297,0.0687334050727,0.366690906131,0.996251747479"
310,"0.985405337161,0.796040137297,0.402146578303,0.719077840055,0.00307733085916,0.989753161417,0.332723132526,0.822700593295,0.0193904941915,0.253554248799"
311,"0.462214628603,0.239330304008,0.673865693965,0.470397414581,0.697009525998,0.2921013928,0.85315767421,0.88875845076,0.442367543565,0.713297024025"
312,"0.271092166852,0.149233838018,0.833053727158,0.0717728228041,0.578668549109,0.505184898639,0.453631616017,0.601930468732,0.522705478782,0.466901684595"
313,"0.0335069174333,0.585504790328,0.0556865710792,0.577574797867,0.512650442078,0.204107687096,0.981257226141,0.636689068075,0.455083437804,0.579847343626"
314,"0.438869830994,0.842434045166,0.396872618785,0.537179877459,0.692189158941,0.889393711977,0.679408410089,0.203374920951,0.938244824648,0.38691152784"
315,"0.541732931993,0.00577028388077,0.742743374218,0.366037386748,0.934704782077,0.237136134492,0.711839004359,0.300037954847,0.940162098394,0.934203496811"
316,"0.741206802028,0.92125960111,0.871260751849,0.502082067089,0.230826807994,0.300210859482,0.96591073488,0.506156923962,0.741413679361,0.786128073214"
317,"0.753523226857,0.213001478684,0.910395579714,0.855054344502,0.785784084598,0.986164384993,0.406362958516,0.371179225031,0.861735856964,0.816587527852"
318,"0.660654640069,0.506194662545,0.566618351863,0.165606972903,0.242082627451,0.731282966834,0.592550111677,0.530753405783,0.113025975124,0.180201288137"
319,"0.967533888799,0.550995524685,0.264116319719,0.0393327281645,0.861170029749,0.104107062819,0.0145758682757,0.869809870101,0.700587021192,0.784443617821"
320,"0.265646612758,0.885058291225,0.968743971104,0.391500590244,0.635645162462,0.114287656427,0.16443563627,0.260700461103,0.789153295417,0.202634078461"
321,"0.289026414142,0.391068975775,0.322949577834,0.234767892428,0.0023965169955,0.961240229078,0.926784232753,0.993306864213,0.290644024416,0.189982327395"
322,"0.45576195425,0.872142004797,0.761072115333,0.100539272623,0.671130078696,0.463692695055,0.212068867999,0.364335893583,0.83053139004,0.854720661791"
323,"0.899225364971,0.549966492405,0.52886491117,0.298075651663,0.593908655294,0.500606439246,0.0906719406513,0.579042927486,0.21960009207,0.613343871967"
324,"0.644434910131,0.516458397782,0.968605644407,0.325029906459,0.561882731669,0.224820342908,0.0984578039303,0.084724120502,0.217741000313,0.486132552774"
325,"0.700854423466,0.717468560066,0.845256030833,0.000199755948765,0.0355441970466,0.81998649477,0.675273473755,0.833544910706,0.0784318614729,0.78055616058"
326,"0.198967665578,0.57700422244,0.482129091843,0.873249597943,0.382860677611,0.631675909665,0.456906002771,0.00433891657405,0.205030251251,0.289971903821"
327,"0.0200744934375,0.392457308109,0.126088710531,0.555839331309,0.42323809069,0.455522551172,0.639164360372,0.714269816619,0.672142652791,0.258219058953"
328,"0.85928050879,0.2868428176,0.611862603625,0.725177656425,0.286330713674,0.681611437751,0.330280256893,0.795156028433,0.14403374295,0.551490565977"
329,"0.872942264562,0.288906650555,0.861497244895,0.201185970898,0.272314917276,0.161741876107,0.551898524308,0.732752250958,0.646962598356,0.768105508554"
330,"0.733761067932,0.0803165848155,0.858816074216,0.103166939944,0.776302745033,0.786023613786,0.375606981221,0.302938809255,0.783115713838,0.748297519873"
331,"0.566050067428,0.0500459846649,0.403212419656,0.178454848,0.879774860352,0.671908027154,0.597361430299,0.520887072276,0.286248328513,0.770154050935"
332,"0.947984890133,0.27426189099,0.463738324767,0.691044492456,0.671674796682,0.553981915955,0.50780436544,0.686997978686,0.111728779807,0.438618334896"
333,"0.382597722485,0.758288723001,0.341924681522,0.148082945367,0.92578532327,0.0404309014234,0.905430792928,0.316355885423,0.4394387959,0.993357809546"
334,"0.822134539663,0.595682355321,0.700390243413,0.347177091722,0.818215447264,0.0188117481007,0.377204816892,0.544379593807,0.485701825814,0.376203053085"
335,"0.996878065159,0.114233472827,0.138772218219,0.346990702395,0.658311095442,0.510166720153,0.180000424137,0.508248444268,0.132303570949,0.833155407677"
336,"0.12799293075,0.691402870957,0.0984076360102,0.489857154458,0.631904458007,0.750630507204,0.608848059477,0.131692394967,0.70792046668,0.379365959119"
337,"0.27241690547,0.763917359644,0.655667909191,0.959910688202,0.495400197744,0.159278434836,0.307335013941,0.084827504467,0.395754124863,0.735042987578"
338,"0.894777562139,0.606118967525,0.837264919403,0.164442354952,0.89124750959,0.0381025325486,0.537522904916,0.863984515745,0.548921393742,0.628767200193"
339,"0.830639026264,0.0410143186367,0.318057109481,0.45243329034,0.02227174074,0.402893563352,0.813129521438,0.867504734202,0.531392052163,0.378771819296"
340,"0.136960388668,0.962760289533,0.133165615252,0.927818583978,0.360932622302,0.0822189014716,0.938070538749,0.958363327596,0.839445574661,0.55696618309"
341,"0.929570248468,0.878222626594,0.513449489029,0.583760088994,0.818204998004,0.526930096424,0.840774021014,0.971406171697,0.0842286594084,0.799660705542"
342,"0.398198957089,0.307310983792,0.588124397896,0.582251086944,0.456461702416,0.490970831936,0.360450554826,0.792976686176,0.337040803065,0.775337828786"
343,"0.728607364612,0.436210440394,0.774424419738,0.334445918709,0.695965019783,0.814007693591,0.901461164961,0.992845134405,0.643479680225,0.024664011694"
344,"0.761681448225,0.409619945177,0.095889718876,0.312655305993,0.126055993539,0.885645848856,0.447472835366,0.719778247363,0.442312828596,0.737268437162"
345,"0.816125180511,0.491703095257,0.668117916586,0.680162110137,0.387876860743,0.487365872768,0.746676760915,0.739467585766,0.35484964578,0.29681862315"
346,"0.61433762416,0.0251733313034,0.235078793898,0.983983496418,0.428793522538,0.483121172321,0.400333937379,0.546041363088,0.962852279008,0.246008710365"
347,"0.905667838674,0.778695447291,0.496048873165,0.745168928921,0.79633420867,0.0263187577024,0.993675757931,0.373538095298,0.751052444757,0.615835753842"
348,"0.303378561367,0.835419532473,0.388004508825,0.303328348836,0.20443379237,0.534757207156,0.592915225933,0.682611102662,0.790078800065,0.722650257317"
349,"0.371464363882,0.546154042961,0.414524167792,0.0644708702065,0.220127416829,0.45149886368,0.566438607784,0.693164423751,0.827711478616,0.19317443681"
350,"0.404770672084,0.0376635942849,0.26216625127,0.68725061818,0.152060384829,0.25117192055,0.971774137877,0.0844961375074,0.513412238295,0.768167031716"
351,"0.565157040529,0.953069400222,0.625819701494,0.708244822047,0.874093053711,0.420473295274,0.785016496263,0.392902048094,0.147132115739,0.979775829015"
352,"0.773527104342,0.395308302287,0.616347879629,0.88761176824,0.276032446856,0.177374888969,0.248770564077,0.45718534522,0.5383316858,0.576373655632"
353,"0.770663116147,0.733953582204,0.145624177055,0.835954694844,0.948779722305,0.800785101901,0.289455175019,0.630918930106,0.616363599402,0.327224735353"
354,"0.708316801755,0.67894527063,0.503165216647,0.811273454064,0.917431429036,0.269422226671,0.661062532002,0.333210948845,0.265564845422,0.197685692915"
355,"0.264526026181,0.997691853294,0.409728800324,0.680891641265,0.748777682197,0.393775237834,0.630365677356,0.0902418036083,0.600531861223,0.876298133456"
356,"0.976988279182,0.525575703954,0.049532531232,0.308328657983,0.221445585867,0.818620381342,0.722786373952,0.349091197355,0.0192103259289,0.271634786534"
357,"0.865349565325,0.748937894084,0.371039318844,0.89466722315,0.908468299941,0.994031350093,0.433975459558,0.462601213809,0.377697732373,0.61586054235"
358,"0.488934017188,0.276833667532,0.1037711587,0.0321716071442,0.817028652146,0.579909873774,0.880600043109,0.520952760847,0.0716273129877,0.0835193244143"
359,"0.813652340484,0.339128119399,0.586995403341,0.421076858058,0.581975776513,0.269648065734,0.235790800325,0.363649879919,0.503325813552,0.598891118133"
360,"0.664333311118,0.748956179797,0.396551677855,0.128284587011,0.612856156295,0.0681066645426,0.0503803878479,0.870783246248,0.118704947233,0.843938059393"
361,"0.102401455924,0.181176132354,0.470411643523,0.880218507828,0.780584568592,0.98860323298,0.810642530222,0.994657993924,0.35742160557,0.844952469742"
362,"0.93836481673,0.322478507878,0.601431444977,0.357747094728,0.528153478687,0.722112575036,0.289040258229,0.31109536295,0.172586628551,0.978508243662"
363,"0.742468448846,0.112753664289,0.00837922881363,0.173269845236,0.0312472926856,0.643601143432,0.45464627219,0.451027810536,0.0113354675835,0.0401726474622"
364,"0.561654645063,0.380218337585,0.166245058798,0.979773908511,0.263297698964,0.0142639023551,0.669207417436,0.412896701688,0.853057591951,0.401508883932"
365,"0.688061817972,0.0786139836611,0.713802034062,0.901106564565,0.864961177521,0.0374316622118,0.506327603285,0.898460115041,0.323108977616,0.816894460139"
366,"0.874668949326,0.238894091756,0.4396137801,0.711210820036,0.290206407048,0.661746238589,0.239477116307,0.951666558957,0.132825000404,0.517300931059"
367,"0.386068359035,0.427436964939,0.58612781313,0.685395725365,0.0231180267637,0.34392673239,0.813198617031,0.992321379387,0.793082544219,0.491576753469"
368,"0.376566728684,0.999271624821,0.636165744713,0.692756108864,0.139377285107,0.551771210653,0.0618564976908,0.446144530416,0.395313409375,0.880222256193"
369,"0.159911391921,0.517137216068,0.861437554646,0.048820763181,0.489124257072,0.0598580793177,0.137949030032,0.218356200249,0.798157660444,0.82869369112"
370,"0.421466331597,0.28001151826,0.74108428909,0.0845784690106,0.979070784129,0.72478719055,0.862902494845,0.536555131296,0.408438482919,0.94310129269"
371,"0.289833375144,0.769683863156,0.61772018851,0.690189760852,0.313610581431,0.0932976263009,0.637278339872,0.0961059532629,0.794272325232,0.102746617811"
372,"0.526419518828,0.33998939888,0.741643784038,0.635595601768,0.594806347858,0.050331718516,0.63291593026,0.51992533221,0.00788139619131,0.146958612924"
373,"0.299491798487,0.959513236045,0.61157405153,0.0685188925353,0.659871635449,0.924910086716,0.822088647152,0.67436846985,0.958955052755,0.313780299327"
374,"0.0529596468655,0.340396898117,0.149557013406,0.528061356435,0.824876368113,0.825402110916,0.323457483842,0.803579703091,0.751421502281,0.911540379807"
375,"0.229663655881,0.767593221058,0.463554540905,0.576544110787,0.0870158947267,0.114649699639,0.867512750014,0.268647209754,0.101040236479,0.727084420606"
376,"0.299874707049,0.244168899201,0.136650743498,0.330987147601,0.306052541924,0.859372218421,0.345195237508,0.308590119029,0.156557412804,0.433753186277"
377,"0.470053342042,0.106147799732,0.852329713028,0.298234652163,0.171688373267,0.333055091462,0.408854679707,0.889250161606,0.75999945235,0.913442506366"
378,"0.156830249303,0.268177455329,0.434112873372,0.0782006375695,0.767689298822,0.268087825327,0.125853421981,0.316182981723,0.442031095392,0.630511251714"
379,"0.281460824294,0.920030405803,0.315887563684,0.97417423984,0.518015786581,0.477093468278,0.864170589262,0.102611284821,0.787214760734,0.66610724504"
380,"0.881902533684,0.00653270145918,0.080251086474,0.325065583482,0.0207157615539,0.0400726263674,0.830091163884,0.182019111373,0.27401057547,0.628609972793"
381,"0.403903033509,0.415946260832,0.0788574031068,0.115839814963,0.00272504612228,0.335814284664,0.0694265702572,0.542258739629,0.93033330617,0.909557621818"
382,"0.397354787266,0.160988184165,0.963920827838,0.565628047415,0.629880816635,0.0270308560985,0.315857734396,0.695572798529,0.0268755844749,0.617790696633"
383,"0.676428068206,0.987035339176,0.0992475411265,0.112885627283,0.97149928484,0.831981431215,0.547125927863,0.247877595703,0.307047025959,0.630477798565"
384,"0.6751522908,0.739304582822,0.595771004467,0.956244298457,0.895390885927,0.154838682563,0.55101994369,0.315537077807,0.221322102398,0.316658653699"
385,"0.214996781651,0.0499507995317,0.479848679577,0.0188667699933,0.726080170092,0.504843539628,0.350372484987,0.624838260936,0.801589747291,0.0603901883727"
386,"0.13248806404,0.85936846908,0.644753032949,0.877334160089,0.692727304192,0.949018909555,0.901220405173,0.486501388143,0.75106701748,0.360002635592"
387,"0.20903172121,0.537142254648,0.938838038048,0.0134507350791,0.0125697927624,0.483108337845,0.713514403447,0.777492614853,0.252618999113,0.580600789164"
388,"0.369572093851,0.185157396176,0.359346700674,0.835056525066,0.322924148279,0.733789228678,0.979735112606,0.670373794529,0.237080443651,0.768509503223"
389,"0.139508533507,0.643069943765,0.941694238527,0.258600949447,0.00138546603925,0.352586497963,0.727345357562,0.583093356114,0.698816419765,0.167043071278"
390,"0.925431911407,0.0343190982526,0.0173742483176,0.701793221186,0.424909533515,0.350311477857,0.986050823577,0.206200507407,0.722661170129,0.151236680347"
391,"0.2543605069,0.68555530053,0.272789693987,0.469999227676,0.00228453190577,0.475620467838,0.631936014397,0.246165349394,0.801402998478,0.813344989261"
392,"0.852640112986,0.863296951479,0.0448442328565,0.928072319637,0.931975254399,0.243564411751,0.907655203913,0.0471126764439,0.992630096529,0.766971612455"
393,"0.270514018282,0.911792131514,0.0502396915151,0.543477410882,0.82634483483,0.112274303016,0.154173773299,0.450472943572,0.604054858891,0.66032206048"
394,"0.554347673348,0.108800912667,0.189985660203,0.659347474891,0.356810252689,0.0862341676758,0.226472630212,0.851597314039,0.415460906966,0.518307688778"
395,"0.751585422529,0.506727963679,0.81303693567,0.846765866605,0.985440961182,0.103389888094,0.589486985007,0.390265667299,0.363165518475,0.148748482749"
396,"0.145508162671,0.0303103977201,0.878557166047,0.588625757226,0.17342668066,0.217835644581,0.230007554071,0.842087108416,0.103865260419,0.267412147764"
397,"0.899136133171,0.776625135226,0.457456248217,0.523413846578,0.378991111474,0.306094699075,0.899072908739,0.930027665024,0.209473961473,0.334326050975"
398,"0.817189808813,0.548499607514,0.732715037723,0.256819896569,0.281389543962,0.887878049498,0.160898169811,0.772033352976,0.915228798365,0.969427364065"
399,"0.0994024942927,0.27778438656,0.0518828658993,0.00501955794294,0.962153491346,0.79944170253,0.673770518251,0.584315652592,0.141262539163,0.449291581225"
400,"0.272477931126,0.69898416963,0.28383497227,0.132940625293,0.813638664022,0.434381425469,0.335805075248,0.17276724979,0.355874961084,0.596347390124"
401,"0.147955271503,0.442030377966,0.0878372290942,0.869865130415,0.632085530668,0.506439639168,0.545064085981,0.970341963755,0.453284441207,0.512682367279"
402,"0.245727100256,0.701659804802,0.687601890944,0.950156690984,0.642326662164,0.332157705686,0.659132739436,0.361185522685,0.430502266779,0.801486408842"
403,"0.0138126167847,0.78079481632,0.983536891989,0.467710812562,0.742286569252,0.0860269574694,0.296652576835,0.291787697959,0.99842796106,0.117600882439"
404,"0.527474915633,0.236069625597,0.445202771328,0.496133855572,0.213926732373,0.15567001371,0.512349631125,0.206073686247,0.533210505483,0.431555292148"
405,"0.0700324284256,0.0218603242192,0.684440114613,0.673319666818,0.548309538343,0.558431118132,0.150286482182,0.913010645275,0.612850159496,0.717516958109"
406,"0.917349193547,0.806845917204,0.656356139196,0.730885538426,0.790705758047,0.206240309397,0.216865580446,0.516529315088,0.799185186763,0.798199045821"
407,"0.155537168525,0.527901860821,0.776799178334,0.679810655548,0.0878532261869,0.23761366339,0.465484738146,0.774658648514,0.65747704562,0.476085797638"
408,"0.15671649489,0.425496251518,0.606669055161,0.800212193721,0.224867213073,0.811586511382,0.722214614554,0.0459166302576,0.0706651941308,0.98993860618"
409,"0.833759085362,0.412025176179,0.564574257678,0.743965187672,0.552394992461,0.0386773368321,0.0350061409902,0.0674016605309,0.279605531656,0.617111892331"
410,"0.158868511362,0.500905705752,0.841263469408,0.235306749846,0.234259124838,0.929735118627,0.648985451081,0.497214330163,0.705438768554,0.0734699753193"
411,"0.276310410434,0.151475170585,0.917987697961,0.541040610557,0.710452533666,0.167512071111,0.662206398725,0.0536689769595,0.13119990081,0.00875296016204"
412,"0.437323730793,0.546501891645,0.49006190898,0.0160164766333,0.360671217259,0.435898484689,0.917771460832,0.724972702765,0.400373176264,0.933007936571"
413,"0.867919989493,0.97024661091,0.100227068477,0.809120678093,0.565764177647,0.361793602774,0.149520988564,0.878254819342,0.360637533948,0.214819054807"
414,"0.793127259728,0.653829219038,0.967287040662,0.0934342375227,0.211128452165,0.441168506254,0.783569607293,0.396941813138,0.239699255786,0.74137923579"
415,"0.308614445214,0.751605918402,0.299238859467,0.137748176165,0.444054640867,0.747089123191,0.338260165008,0.842225631264,0.237885516657,0.238634478691"
416,"0.326744614158,0.827660212402,0.638240737555,0.0315394412326,0.477802023781,0.24578415021,0.393475088649,0.496081220245,0.36324087931,0.918069147992"
417,"0.132645958425,0.567998805848,0.821979044602,0.850395904653,0.150910949549,0.954919964691,0.456413932588,0.396841593446,0.707243011302,0.326006998366"
418,"0.988914260475,0.0222426761056,0.722861988782,0.764533897155,0.620426961822,0.110651468453,0.245804084753,0.537681961437,0.0771707833886,0.680290124101"
419,"0.188931424679,0.924816036453,0.599460848923,0.456052825716,0.757440368401,0.594487699429,0.338576832027,0.262945962105,0.427599148546,0.055504793796"
420,"0.549697225764,0.104679019594,0.486606412567,0.255197662537,0.197350180448,0.9453662607,0.567818486594,0.415108150592,0.088831592828,0.492898201084"
421,"0.782795405997,0.366873046922,0.548821831868,0.1689209911,0.165315356358,0.823718990028,0.923108981586,0.973451172099,0.319610953603,0.113579133316"
422,"0.786606792818,0.6179473282,0.0503414302585,0.913117794898,0.00997419815907,0.536361663761,0.495694793156,0.305477605447,0.854727224519,0.356670558551"
423,"0.216991961805,0.294708070584,0.967455684257,0.987518574464,0.157765851752,0.51655316413,0.70997537593,0.582211212087,0.996818706367,0.103531918391"
424,"0.525490738457,0.0390718308129,0.805563554548,0.311966487503,0.719374040161,0.399020310897,0.945297221762,0.554311348971,0.83272044634,0.875673262221"
425,"0.902309938269,0.875422569381,0.404672994387,0.254711609311,0.485667665158,0.720540377405,0.868568342909,0.761874325199,0.0764892802936,0.094136508982"
426,"0.421284341026,0.63908404666,0.578621725879,0.838526315336,0.491328613733,0.737951910887,0.0539253990708,0.17851239331,0.887462938554,0.0385632637536"
427,"0.717032128813,0.147019131601,0.185022916319,0.986831097595,0.780987517859,0.925553342803,0.875765910655,0.0486586708342,0.73258245209,0.317614677248"
428,"0.741407415009,0.696384462701,0.390779401715,0.046985376002,0.453894340232,0.0423918653585,0.662782473063,0.943580684569,0.0826344207241,0.431950697843"
429,"0.953491316694,0.904786558458,0.445958254737,0.404588697044,0.0768866868384,0.616155902288,0.943780871632,0.414556425732,0.815935476106,0.805746689618"
430,"0.969516448065,0.401619730706,0.964285060722,0.00964224880254,0.236300567821,0.765553579607,0.712009310283,0.295914269327,0.795925835205,0.788145009815"
431,"0.854611361856,0.0470988222909,0.184998447921,0.0309641856814,0.107984551738,0.475224980864,0.209264085244,0.175259301321,0.691100782017,0.263652170252"
432,"0.724266229042,0.315311161153,0.113378059478,0.505829765587,0.49312613498,0.917392140519,0.360698722038,0.190439177154,0.604338119101,0.0411747902828"
433,"0.440539836902,0.990872140108,0.00364270847847,0.877644592991,0.995216655169,0.0666568299406,0.0184852198184,0.58440847354,0.11514705484,0.249762541969"
434,"0.391450275414,0.742656002686,0.976304722931,0.792118387971,0.178588241177,0.226395231179,0.21907037078,0.0502347623167,0.0445114013414,0.259720333604"
435,"0.621111178827,0.492028730909,0.630255050284,0.7938431272,0.884707483607,0.748660761476,0.393084609982,0.232012903648,0.765676535025,0.00967284947801"
436,"0.290907737107,0.284482482323,0.541271687829,0.603275814491,0.550499175363,0.266871281595,0.627845954657,0.365285503574,0.0221524660843,0.538564167368"
437,"0.723928915359,0.60682114391,0.42713242112,0.647397868557,0.708456474104,0.183605424304,0.926415351732,0.0839567578,0.630532076663,0.17372803985"
438,"0.108752944561,0.978890704954,0.11558279552,0.555667388049,0.228367043313,0.345655738778,0.950346930693,0.686774095561,0.549704227136,0.358176240832"
439,"0.474000066219,0.416636767795,0.939091195812,0.313512416536,0.588012382599,0.737131485171,0.574005667174,0.87859471036,0.300272692534,0.349790912627"
440,"0.0353861805171,0.38436223521,0.203259614818,0.447834987925,0.876340679605,0.593871676726,0.757776715423,0.597331667296,0.506768027506,0.529378254633"
441,"0.0873426934322,0.00904137767299,0.573678046875,0.946739868009,0.390380167193,0.631055775818,0.646590656876,0.938351820476,0.421320451661,0.817620024896"
442,"0.731043323237,0.537062921398,0.272890721933,0.899201208988,0.730977721645,0.932464778359,0.534014982579,0.71504014821,0.338706299456,0.539809475496"
443,"0.162419445821,0.777889839439,0.365239505141,0.0108136136142,0.678034002106,0.55715428088,0.809728203883,0.9864574933,0.856639429288,0.449437799206"
444,"0.629402561981,0.358578736603,0.458614250335,0.525273980984,0.3879819892,0.477961968357,0.0724816192323,0.492250179476,0.286464010957,0.908829093499"
445,"0.271501596842,0.799165469428,0.50192263079,0.138795041439,0.882190028237,0.753397689152,0.639929712451,0.067352830879,0.230409122455,0.352856388231"
446,"0.16058415799,0.64236614365,0.558081600332,0.155132050837,0.816361992453,0.854050654935,0.875517637973,0.19702423761,0.607404420475,0.22794690814"
447,"0.256858851752,0.49930482674,0.554141430658,0.430436056121,0.485078110053,0.544547595132,0.0742721030007,0.0879580031652,0.0936664226158,0.319799611249"
448,"0.617720395657,0.593382542494,0.0511488816296,0.0469156844991,0.0910062301506,0.960998823823,0.808609638175,0.641423544637,0.320808779029,0.088815744331"
449,"0.234005838657,0.575533861997,0.235497502268,0.729319713432,0.0959930114305,0.803492851149,0.51173466401,0.712106025061,0.394813022817,0.808237208298"
450,"0.0981470843245,0.828642545274,0.476961269427,0.688388025137,0.560121085923,0.709728596196,0.693036417906,0.0692193881249,0.227158961277,0.594762358997"
451,"0.203794067196,0.733688627165,0.10385781687,0.777025850721,0.198680468878,0.0962669098852,0.0279794441625,0.314408681619,0.841355124224,0.16133549189"
452,"0.60711743415,0.874104550921,0.893893860308,0.911966268929,0.265427333595,0.652966613431,0.705742224726,0.442320118456,0.95831575091,0.220160531368"
453,"0.962924291597,0.47900761019,0.102904142512,0.742608959702,0.0355403117815,0.86693497906,0.772582407921,0.638037231851,0.744968899929,0.26659693117"
454,"0.709930715002,0.360852479924,0.39062228512,0.240934954652,0.497990778052,0.567998074396,0.971027940356,0.363137667089,0.121474278117,0.151905706767"
455,"0.6450073946,0.512034552783,0.755931465275,0.681891211425,0.893514898069,0.242019342672,0.861381951989,0.242948989541,0.385627338553,0.652674868941"
456,"0.473677373254,0.536140870769,0.701869516997,0.675517160652,0.994703235108,0.545411378777,0.42638878712,0.321127639455,0.189015014067,0.827224807875"
457,"0.816376010866,0.320087715073,0.0869433488445,0.511797552872,0.814971870523,0.477585209995,0.119742835273,0.416380683494,0.659073286665,0.0696891491889"
458,"0.92696489743,0.354558660181,0.900600173043,0.462367552311,0.478731185071,0.789638439738,0.259543884051,0.497773775497,0.031228605867,0.993281568542"
459,"0.70482708091,0.150257502352,0.730019692183,0.993591239629,0.761117186459,0.856175295001,0.216456374832,0.913140727693,0.966955856022,0.345934326953"
460,"0.955105631143,0.867507353377,0.741313467739,0.489874204482,0.187854493972,0.931160832515,0.57237857098,0.613148475672,0.557673972718,0.806709980171"
461,"0.693319245688,0.0465367810947,0.281062522925,0.939613117011,0.526921155275,0.715407423174,0.40335622251,0.676021828879,0.0242533802409,0.844838303033"
462,"0.622403045625,0.37468153523,0.517965273421,0.60356257913,0.0461053818123,0.653511799279,0.272185850057,0.486925435731,0.850205557708,0.443977812296"
463,"0.267880371695,0.71938572643,0.385555350252,0.364040450431,0.618996245284,0.527598289022,0.422172342638,0.832582525908,0.844409698235,0.937817408694"
464,"0.33849647413,0.990883321171,0.111617997539,0.952005175742,0.800758230022,0.388982035855,0.4698141859,0.0461790274114,0.0588577760293,0.427556049166"
465,"0.344863936701,0.599579010663,0.397604071932,0.980314899166,0.0933220214769,0.693054459452,0.48979132022,0.868713113659,0.259792746984,0.861861412275"
466,"0.189011426741,0.0552663665359,0.988302533956,0.295613626765,0.104764463956,0.901112419421,0.786346473802,0.543153863982,0.668385013589,0.992009854715"
467,"0.539868305949,0.411674770721,0.17258698299,0.416771991572,0.399206360501,0.603065621168,0.776556235444,0.481443999234,0.364526923034,0.913856934792"
468,"0.386643608977,0.775379390477,0.288499249203,0.0326937230285,0.0666626918815,0.171901544104,0.424924151926,0.984234248917,0.995061135394,0.836186934453"
469,"0.297479706201,0.446562992921,0.520926865411,0.15615587553,0.138044251049,0.543420310788,0.1789231751,0.9354487838,0.638123583308,0.80914201848"
470,"0.721983759985,0.1166919876,0.263880300926,0.917522281573,0.20261364809,0.474245332416,0.585756782441,0.561810065775,0.243073542878,0.163655897021"
471,"0.67100264801,0.285552965845,0.905528864452,0.496706682022,0.98071364821,0.548336574078,0.213403340146,0.185565736151,0.135085890076,0.223657248369"
472,"0.0510982858911,0.364210689517,0.22593455073,0.263443648013,0.858377431761,0.944153916675,0.797663815995,0.639672497535,0.768854623358,0.956820001236"
473,"0.132413470512,0.597038237731,0.547435034261,0.858169631039,0.97778971526,0.290010360985,0.885051706509,0.287159082442,0.507218647656,0.972401625176"
474,"0.259483436003,0.513673144674,0.489800263622,0.174372545131,0.91171674605,0.417034715462,0.70000490262,0.691233831197,0.743909204191,0.173111096995"
475,"0.655032657264,0.338065312211,0.573161405733,0.698280766123,0.544739735507,0.672930790165,0.469005628638,0.228502360303,0.166184290192,0.75683293594"
476,"0.931781902519,0.303578026075,0.180504638004,0.665004272323,0.503634565292,0.656434259276,0.120180153902,0.0501681473507,0.546748695379,0.169507327033"
477,"0.38093282737,0.380815667865,0.68311444474,0.898628659781,0.553152254379,0.716358156066,0.976248507892,0.914448902632,0.23076772646,0.361126111367"
478,"0.868048513769,0.0700270318137,0.375423372462,0.574552865657,0.0393580198127,0.701231707125,0.909355715677,0.63298817872,0.791982682669,0.582016345951"
479,"0.0321516316064,0.582477806984,0.0929806621529,0.635843721861,0.21416405607,0.986738424678,0.619482441348,0.952295138879,0.808521548922,0.48262791958"
480,"0.0523117973872,0.0658249656013,0.791026546387,0.705167230791,0.263908846758,0.855015702559,0.768063399665,0.776722890041,0.561647390257,0.827032178531"
481,"0.0572397702882,0.401209058508,0.761797260171,0.270570588076,0.487722598547,0.460869397272,0.99165083299,0.251022572454,0.330433435609,0.117710249351"
482,"0.235165598693,0.964962529342,0.578489805733,0.212033904679,0.30284098828,0.275792112084,0.572038659845,0.903671167256,0.741361076179,0.217085431609"
483,"0.0300105437893,0.265621927472,0.484193589659,0.667390929314,0.133834614621,0.3624948923,0.422835112019,0.337595795141,0.0121689486332,0.7681562046"
484,"0.5042254248,0.048304143669,0.311915247455,0.140709731171,0.72377209999,0.484443127009,0.747814321536,0.844679011447,0.805190844817,0.725493681194"
485,"0.751243586164,0.846709581943,0.334008964037,0.395299562312,0.417596322136,0.755871952557,0.155130323593,0.749915871048,0.641056401154,0.714860618985"
486,"0.908681307403,0.64159651131,0.909705301786,0.0388726171372,0.73574946155,0.0925380688462,0.294607752286,0.558824999901,0.372324622649,0.159287863417"
487,"0.304366078262,0.507425871785,0.0432792079058,0.128540162829,0.219761731072,0.908216212649,0.660579724853,0.485225203716,0.273333214649,0.175554303047"
488,"0.636264641188,0.661009695876,0.735749335099,0.930100003053,0.759893538387,0.766843549605,0.645348207218,0.467166377266,0.355235860809,0.657833017337"
489,"0.766796535296,0.422979535886,0.126632438854,0.890808279266,0.63247519889,0.698038660365,0.840677280291,0.166814462861,0.3607866233,0.0783262970434"
490,"0.0506119639885,0.74704656867,0.030734057505,0.709782921769,0.642990745374,0.44382016413,0.508996185159,0.345037140794,0.153628222742,0.604193531956"
491,"0.859966726534,0.0746136837493,0.0151964050783,0.227932799033,0.302741526472,0.299838614091,0.652512566017,0.782847382604,0.358450435379,0.350478897275"
492,"0.845117685731,0.786349134486,0.284594612367,0.384913227525,0.717647036949,0.455714404635,0.648839592264,0.544040400632,0.847150866636,0.349253048602"
493,"0.195069747491,0.903617507789,0.428292664164,0.0371267864681,0.154858076159,0.919039035918,0.627398041458,0.749220151275,0.136607628624,0.128437232536"
494,"0.127633682593,0.706901429499,0.619070396971,0.467055612382,0.219752399109,0.708767786074,0.864864315039,0.631238054666,0.166644575117,0.352820947921"
495,"0.174289430152,0.23577502108,0.210364179159,0.801372126719,0.0852509277976,0.62471425869,0.208546549751,0.971417703887,0.897078848668,0.773757907481"
496,"0.00801086970324,0.463090733871,0.514521823897,0.546218069479,0.214575623479,0.924664541332,0.795022723434,0.539761424539,0.0449475901918,0.0776594978853"
497,"0.0667214805466,0.370615837131,0.133099569727,0.924397608566,0.683841710786,0.449571796055,0.712084674093,0.692423225403,0.106192644496,0.754459330241"
498,"0.943269421458,0.367063915693,0.442160736143,0.231422000138,0.0970435019053,0.97279050366,0.0862453179731,0.172596002759,0.905468792368,0.828411157496"
499,"0.98230242355,0.530381561371,0.857113165848,0.860207439606,0.841888928388,0.156959141662,0.464415200286,0.615458628865,0.748328980132,0.944495543995"
